task_id,annotator_id,label,submitted_at
c-01,a01,pos,2026-03-09 09:00
C-01,A02,positive,2026-03-09 09:04
c-01, a03,Pos,03/09/2026 09:10
C-01,a04,neg,2026-03-09T09:12:00
C-02,a01,negative,2026-03-09 09:20
C-02,a02,neg,09.03.2026 09:22
c-02,a05,Neg ,2026-03-09 09:25
C-02,a06,negative,2026-03-09 09:31
C-03,a01,pos,2026-03-09 10:00
C-03,A04,neutral,03/09/2026 10:02
C-03,a05,neg,2026-03-09 10:05
C-04,a09,neu,2026-03-09 10:10
C-04,a02,pos,2026-03-09T10:12:00
C-04,a03,negative,2026-03-09 10:15
C-04,a07 ,neu,2026-03-09 10:16
C-05,a01,positive,2026-03-09 10:30
C-05,a03,pos,10.03.2026 08:00
C-05,a07,POS,2026-03-09 10:34
C-05,a08,pos,2026-03-09 10:40
C-05,A10,neg,2026-03-09 10:41
C-06,a02,skip,2026-03-09 11:00
C-06,a04,neu,2026-03-09 11:02
c-06,a05,Neutral,03/09/2026 11:05
C-07,a06,pos,2026-03-09 11:20
C-07,a08,Skip,2026-03-09 11:21
C-07,a01,pos,2026-03-09 11:24
C-07,a02,positive,2026-03-09T11:25:00
C-07,a05,neg,2026-03-09 11:30
C-04,A09,Neu,03/10/2026 09:15
