sample_id,doc_id,label,text,quality,created
IN-01,in-d01,book_flight,I need a flight to Boston on Friday,0.9,2026-01-03
in-02 ,IN-D01,Refund,Can I get my money back for the cancelled trip,0.8,01/03/2026
IN-03,in-d01,book_flight,Book me a flight to Denver.,0.7,2026-01-04
IN-04,in-d02,cancel,Please cancel my reservation,0.95,4 Jan 2026
IN-05,in-d08,greet,hello there,0.9,2026-01-04
IN-06,in-d03,greet,"Hi, is anyone there?",,2026-01-05
IN-07,in-d02 ,refund,I want a refund for my hotel,0.6,2026-01-05
IN-08,in-d04,cancel,Cancel the booking for tomorrow,0.85,01/06/2026
IN-09,in-d03,book_flight,Find me a cheap flight to Austin,0.4,2026-01-06
IN-10,in-d05,greet,Good morning!,0.75,2026-01-06
IN-11,in-d01,book_flight,book me a flight to  denver,0.8,01/02/2026
IN-12,in-d04,refund,Where is my refund?,0.7,2026-01-07
IN-13,In-D06,cancel,Drop my seat on the 9am flight,0.9,7 Jan 2026
IN-14,in-d09,cancel,Cancel everything,0.9,2026-01-07
IN-15,in-d05,book_flight,Two tickets to Seattle please,0.65,2026-01-08
IN-16,in-d03,refund,Refund the extra baggage fee,0.5,2026-01-08
IN-17,in-d06,,Do you have wifi on board,0.8,2026-01-08
IN-18,in-d07,refund,I was charged twice,0.9,01/09/2026
IN-19,in-d01, cancel,Cancel my Boston flight,0.85,2026-01-09
IN-20,in-d06,book_flight,Any flights to Miami tonight?,0.7,2026-01-10
