item_id,model_version,label,confidence,priority,language,received_at
P-01,v1,spam,0.97,2,en,2026-03-02 08:00
P-02,v1,spam,0.62,1,en,2026-03-02 09:05
P-03,v2,Spam,0.97,3,en,03/02/2026 08:10
p-04,v2,spam,0.71,2,EN,2026-03-02T08:20:00
P-05,v1,toxic,0.88,1,en,2026-03-02 08:30
P-06,V2,toxic,95%,3,de,2026-03-02 08:40
P-07,v1,ads,0.75,3,pt,2026-03-02 08:45
P-09,v1,hate,0.86,2,de,2026-03-02 08:50
P-08,v2,hate,91%,2,de,03/02/2026 08:55
P-10,v1,toxic,0.40,2,de,2026-03-02 09:00
P-11,v2,spam,,1,en,2026-03-02 09:10
P-12,v3,spam,0.85,3,fr,2026-03-02 09:15
P-13,v3,toxic,0.55,2, fr,2026-03-02T09:20:00
P-14,v1,spam,0.79,3,en,2026-03-02 09:25
 P-05,v1,toxic,0.93,1,en,03/02/2026 09:30
P-15,v1,toxic,0.30,3,en,2026-03-02 09:35
P-16,v2,ads,0.60,2,de,2026-03-02 09:40
P-17,v1,hate,0.50,2,DE,2026-03-02 09:45
P-18,v2,toxic,0.20,2,de,2026-03-02 09:50
p-02,v1,spam,0.99,1,en,2026-03-02 08:50
P-19,v1,spam,0.10,2,ja,2026-03-02 10:00
P-20,v4,spam,0.95,2,en,2026-03-02 10:05
P-21,v4,toxic,0.85,1,es,03/02/2026 10:10
P-22,v1,spam,50%,1,es,2026-03-02 10:15
P-24,v2,spam,0.99,3,de,2026-03-02 10:20
P-26,v1,Toxic,0.50,2,en,2026-03-02 10:25
