review_id,item_id,reviewer_id,model_label,human_label,finished_at
R-1,H-01,r-01,spam,spam,2026-03-01 10:00
R-2,H-02,R-01,spam,ham,03/01/2026 10:20
R-3,H-03,r-03,toxic,toxic,2026-03-01T11:00:00
R-4,H-04,r-03,toxic,ok,2026-03-01 11:30
R-5,H-05,r-06,Toxic,toxic,2026-03-01 12:00
R-6,H-06,r-06,spam,spam,2026-03-01 12:10
R-7,H-07,r-05,hate,hate,2026-03-01 12:30
R-8,H-08,r-05,hate,,2026-03-01 18:00
R-9,H-09,R-05,ads,ok,2026-03-01 13:15
R-10,H-10,r-09,toxic,toxic,03/01/2026 14:40
R-11,H-11,r-01,spam, Spam,2026-03-01 15:05
R-12,H-12,r-04,ads,ads,2026-03-01 16:45
