image_id,annotator,label,x_min,y_min,x_max,y_max,submitted
img_01,alice,car,11,10,60,40,2026-05-08
img_01,alice,person,70,14,89,60,2026-05-08
img_02,Alice,car,5,6,24,25,05/08/2026
img_02,alice,car,41,5,60,24,05/08/2026
img_03,alice,dog,14,10,23,19,2026-05-09
img_04,alice ,person,2,0,30,58,9 May 2026
img_05,alice,car,100,100,149,139,2026-05-10
img_05,alice,car,160,101,209,139,2026-05-10
img_05,alice,person,220,92,239,137,10 May 2026
img_01,bob,car,10,10,59,39,2026-05-07
IMG_01,bob,Person,70,12,89,61,2026-05-07
img_02,bob,car,5,5,24,24,05/07/2026
img_03,bob,dog,10,10,19,19,2026-05-07
img_04,bob,person,0,0,29,59,2026-05-08
img_04,bob,bike,40,30,79,59,2026-05-08
img_04,bob,bike,85,30,95,40,2026-05-08
img_05,bob,car,101,100,150,140,8 May 2026
img_05,bob,car,160,,209,139,8 May 2026
img_05,bob,person,220,90,239,139,2026-05-08
img_06,bob,car,5,5,20,20,2026-05-09
img_01,chen,car,12,11,58,40,2026-05-06
img_01,chen,car,70,12,89,61,2026-05-06
img_02,chen,car,5,5,24,24,2026-05-06
img_02,chen,car,40,5,59,24,2026-05-11
img_03, chen,dog,9,9,18,18,05/06/2026
img_05,chen,car,100,100,149,139,2026-05-07
img_05,chen,car,100,100,149,139,2026-05-07
img_05,chen,car,160,100,209,139,2026-05-07
img_05,chen,person,221,90,239,139,2026-05-07
