doc_id,text,source
D01,How do I reset my password?,help-center
d02,Where can I download my invoice?,help-center
D03,  How do I  reset my password? ,chat
D04,Is shipping free on orders over fifty dollars?,chat
d05,Can I get a refund after thirty days?,email
D06,,email
D07,What does the extended warranty cover?,help-center
D08 ,Do you ship to Canada?,chat
D09,"My parcel arrived damaged and so did the replacement, what can I do now?",email
D10,Where can I download my invoice?,email
d11,How do I change the email on my account?,help-center
D12,Do you   price match?,chat
D13,How long does delivery take?,
D14,Can I cancel an order?,chat
D15,What is your return policy for sale items?,help-center
d16,Can I pay with two cards?,email
