hold_id,session_id,member_id,seats,placed_at,confirmed_at
h01,A1,m-01,4,2026-09-14 09:00,2026-09-14 09:03
h02,a1,m-03,2,14.09.2026 09:04,2026-09-14T09:10:00
h03,A1,m-05,2,2026-09-14 09:06,
h04,A2,M-02,2,2026-09-14 09:00,2026-09-14 09:05
h05, a2 ,m-03,2,2026-09-14 09:02,14.09.2026 09:10
h06,A2,m-07,2,2026-09-14 09:20,2026-09-14 09:30
h07,B1,m-04,4,2026-09-14 10:00,2026-09-14 10:04
h08,B1,m-11,2,14.09.2026 10:01,2026-09-14T10:16:00
h09,B1,m-08,1,2026-09-14 10:05,2026-09-14 10:06
h10,B1,m-09,1,2026-09-14 10:02,2026-09-14T10:17:01
h11,B2,m-10,2,2026-09-14 11:00,2026-09-14 11:01
h12,C1,m-01,4,2026-09-14 12:00,2026-09-14 12:02
h13,C1,m-06,2,2026-09-14 12:01,2026-09-14 12:14
h14,c1,m-99,2,2026-09-14 12:03,2026-09-14 12:04
h15,C2,m-12,2,14.09.2026 13:00,14.09.2026 13:05
h16,C2,m-09,2,2026-09-14 12:58,2026-09-14 13:10
h17,D1,m-05,3,2026-09-14 14:00,2026-09-14 14:20
h18,D1,M-02,3,2026-09-14 14:01,2026-09-14 14:02
h19,D1,m-10,,2026-09-14 14:05,2026-09-14 14:06
h20,d2,m-11,2,2026-09-14T15:00:00,2026-09-14T15:01:00
h21,D2,m-08,1,2026-09-14 15:02,2026-09-14 15:03
h22,E1,m-07,2,2026-09-14 16:00,2026-09-14 16:09
h23,E1,m-04,1,2026-09-14 16:01,
h24,E2,m-12,3,2026-09-14 16:30,2026-09-14 16:31
h25,E2,m-06,2,14.09.2026 16:32,14.09.2026 16:40
