request_id,shard,text
R01,S1,tabby cat on a windowsill
R02,S1,golden retriever puppy
 R03,s1,blurry photo of a cat toy
R04, s2,dog running on the beach
R05,S2,sparrow on a fence
R06,S2,cat sleeping in a box
R07,S2,dog in a costume
R08,S2,parrot close-up
R09,S2 ,kitten with yarn
R10,S2,dog catching a frisbee
R11,S3,heron in shallow water
R12,S3,cat behind a curtain
R13,S3,dog shadow at night
R14,S4,cat in a tree
R15,S4,dog on a sofa
R16,S5,owl at dusk
r17,S5,cat with a bow tie
R18,S5,
R19,S5,  dog statue in a park
R20,S5,   
