deposit_id,account_id,amount,status,deposited_at
d01,acc-11,50.00,settled,2026-06-02 10:00
d02,acc-12,40.00,reversed,2026-06-05 09:00
d03,Acc-12,"$1,200.00",Settled,2026-06-07T12:00:00
d04,acc-13,30.00,pending,2026-06-10 08:00
d05,acc-14,25,SETTLED,2026-06-03 11:00
d06,acc-15,100.00, settled ,06/08/2026 09:30
d07,acc-16,60.00,settled,2026-06-02T12:00:00
d08,acc-17,20.00,settled,2026-06-04 08:00
d09,acc-18,15.00,settled,2026-06-06 09:00
d10,acc-19,35.00,settled,2026-06-07 08:00
d11,ACC-19,45.00,settled,06/09/2026 20:00
d12,acc-23,22.50,settled,2026-06-08 07:30
d13,acc-25,80.00,settled,2026-06-22 09:00
d14,acc-26,80.00,settled,2026-06-22T10:30:00
d15,acc-27,$20.00,settled,2026-06-09 18:00
d16, acc-28,30.00,settled,2026-06-11 09:00
d17,acc-30,500.00,settled,2026-06-13 10:00
d18,acc-41,90.00,settled,2026-06-03 10:00
d19,acc-01,250.00,settled,2026-05-21 09:00
d20,acc-07,75.00,Settled,05/27/2026 10:00
d21,acc-24,,settled,2026-06-07 09:00
d22,acc-17,10.00,pending,2026-06-03 11:00
d23,acc-13,30.00,settled,2026-06-25 08:00
d24,acc-08,20.00,settled,2026-05-28 08:00
