date,tenant,endpoint,tokens
2026-04-01,globex,chat,500000
2026-04-02,acme,chat,"100,000"
2026-04-03,Umbrella,chat,600000
04/04/2026,hooli,chat,700000
2026-04-05,initech,chat,20000
2026-04-06,stark,Chat,160000
2026-04-07,wayne,chat,40000
2026-04-08,globex,embed,200000
04/09/2026,wonka,embed,90000
2026-04-10,acme,embed,62300
2026-04-11,umbrella,embed,80000
2026-04-12,hooli,Embed,300000
2026-04-13,soylent,chat,500000
2026-04-14,soylent,embed,250000
2026-04-15,GLOBEX,chat,400000
2026-04-16,tyrell,chat,105000
04/17/2026,umbrella,chat,400000
2026-04-19,wayne,embed,18000
2026-04-20,acme,chat,"50,000"
2026-04-22,hooli,chat,500000
2026-04-23,wonka,embed,60000
2026-04-26, stark,chat,100000
2026-04-27,tyrell,chat,100000
2026-04-28,globex,embed,140000
2026-04-29,soylent,embed,150000
2026-04-30,initech,chat,10000
2026-03-31,wayne,chat,9000
2026-05-01,initech,chat,5000
