name,email,country,hours_per_week,skills,updated_at
Ana Ruiz,ana@x.io,ES,28,SQL; spark,2026-02-20 10:00
Cara Diaz,cara@x.io,MX,40,labeling,2026-03-05 10:00
Fay Wong, Fay@X.io ,HK,12,,2026-02-14
Hal Ito,hal@,JP,20,qa,2026-02-10
Ivy Chen,ivy@x.io,TW,75,nlp,2026-02-12
Mia Novak,mia@x.io,CZ,30,python;qa,2026-03-04 16:00
Raj Nair,raj@x.io,IN,45,python;sql;spark,02/25/2026 11:30
Sam Cole,sam@x.io,US,20,excel,2026-13-01
Tia Moss,tia@x.io,au, 8 ,ml,2026-02-22
Uma Rao,uma@x.io,in,30,ml; python ;,2026-03-06T09:00:00
Kim Lee,kim@x.io,KR,18,sql,2026-01-20 10:00
