job_id,pool,priority,submitted_at,duration,max_retries,depends_on,owner
C01,cpu,2,2026-10-01 08:00,40m,,,Ana
c02,cpu,5,10/01/2026 08:00,1200s,,,ben
C03,cpu,3,2026-10-01T08:00:00,30,,,Ana
C04, cpu ,1,2026-10-01 08:05,10m,1,,chen
G01,gpu,3,2026-10-01 08:00,30m,,,dara
G02,gpu,2,2026-10-01 08:40,10m,0,,dara
G03,GPU,4,10/01/2026 08:10,20m,,  g01,ben
I01,io,3,2026-10-01 08:00,15m,1,,chen
I02,io,3,2026-10-01 08:05,10m,,I01,chen
I03,io,3,2026-10-01 08:30,600s,,,ana
M01,mem,3,09/29/2026 07:50,50m,,,eli
M02,mem,3,2026-10-01 08:00,70m,,,Eli
M03,mem,1,2026-10-01 08:15,30m,,,ben
M04,mem,2,2026-10-01T08:20:00,20m,,M02;M03;,eli
X01,tpu,4,2026-10-01 08:00,15m,,,dara
L01,cpu,3,2026-10-02 09:00,1h,,,ana
