worker_id,checked_at,result,latency_ms
W-01,2026-06-01 09:50:00,ok,42
W-02,2026-06-01 09:50:00,ok,51
W-02,2026-06-01 09:52:00,FAIL,
W-02,06/01/2026 09:54:00,timeout,2000
W-02,2026-06-01 09:56:00,fail,
w-03,2026-06-01 09:50:30,ok,38
W-04,2026-06-01T09:51:00,ok,40
W-04,2026-06-01 09:57:00,timeout,2000
W-05,2026-06-01 09:51:00,ok,61
W-05,2026-06-01 09:55:00,ok,58
W-06,2026-06-01 09:50:00,fail,
W-06,2026-06-01 09:51:00,fail,
W-06,06/01/2026 09:52:00,timeout,2000
W-06,2026-06-01 09:56:00,ok,70
W-06,2026-06-01 09:58:00, ok ,66
W-07,2026-06-01 09:53:00,ok,49
W-08,2026-06-01 09:50:00,fail,
W-08,2026-06-01 09:52:00,fail,
W-08,2026-06-01T09:54:00,fail,
W-08,2026-06-01 09:56:00,timeout,2000
W-09,2026-06-01 09:52:00,ok,44
W-09,2026-06-01 09:59:00,ok,47
w-10,2026-06-01 09:53:00,fail,
W-10,2026-06-01 09:54:00,fail,
W-10,2026-06-01 09:55:00,ok,52
W-10,2026-06-01 09:58:00,fail,
W-01,2026-06-01 10:00:00,ok,39
W-07,06/01/2026 10:00:00,ok,47
