request_id,zone,arrived_at,duration_ms
R01,us-east,2026-06-01 10:00:00,1500
R02,us-east,2026-06-01 10:00:00,1500
r03,eu-west,2026-06-01 10:00:01,800
R04,ap-south,2026-06-01 10:00:01,2000
R05,US-EAST,2026-06-01 10:00:01,1200
R06,ap-south,06/01/2026 10:00:02,2000
R07,ap-south,2026-06-01 10:00:02,1000
R08,eu-west ,2026-06-01 10:00:02,1000
R09,us-east,2026-06-01T10:00:03,900
R10,eu-west,2026-06-01 10:00:03,1700
R11,ap-south,2026-06-01 10:00:03,600
R12,us-east,2026-06-01 10:00:04,1100
R13,eu-west,2026-06-01 10:00:04,
R14,us-east,2026-06-01 10:00:04,700
R15,eu-west,06/01/2026 10:00:05,1300
R16,ap-south,2026-06-01 10:00:05,900
R17,us-east,2026-06-01 10:00:05,1000
R18,eu-west,2026-06-01 10:00:06,500
R19,us-east,2026-06-01T10:00:06,800
R20,ap-south,2026-06-01 10:00:06,1400
