entry_id,contributor_id,project,submitted_at,duration_ms,status
w01,C-01,borealis,2026-09-21 09:00,72000,approved
w02,c-01,borealis,2026-09-22 10:15,65000,approved
w03,C-01,delta,09/23/2026 14:00,120000,Approved
w04,C-01,delta,2026-09-24T08:30:00,98000,approved
w05,C-01,iris,2026-09-27 23:59,40000,approved
w06,C-02,helix,2026-09-21 11:00,95000,approved
w07,C-02,helix,2026-09-22 11:00,101000,approved
w08,C-02,helix,2026-09-23 11:00,130000,approved
w09,C-02,gale,2026-09-23 12:00,30000,rejected
w10,C-03,cirrus,2026-09-21 08:00,25000,approved
w11,C-03,cirrus,09/21/2026 08:05,22000,approved
w12,C-03,fable,2026-09-22 15:00,50000,approved
w13,C-03,fable,2026-09-22 15:10,52000,approved
w14,C-03,fable,2026-09-28 00:00,51000,approved
w15,C-03,delta,2026-09-25 10:00,91000,approved
w16,C-04,helix,2026-09-24 09:00,150000,approved
w17,C-04,helix,2026-09-24 10:00,160000,approved
w18,C-04,juniper,2026-09-25 09:00,45000,pending
w19,C-04,atlas,2026-09-25 13:00,35000,approved
w20,C-05,ember,2026-09-21 07:00,9000,approved
w21,c-05,ember,2026-09-21 07:01,11000,approved
w22,C-05,ember,2026-09-21 07:02,30000,approved
w23,C-05,delta,2026-09-22 18:00,100000,approved
w24,C-05,delta,2026-09-23 18:00,95000,approved
w25,C-05,borealis,2026-09-20 23:59,70000,approved
w26,C-06,atlas,2026-09-24 12:00,40000,approved
w27,C-06,atlas,2026-09-24 12:05,38000,approved
w28,C-06,atlas,09/26/2026 16:20,41000,approved
w29,C-07,iris,2026-09-21 10:00,35000,approved
w30,C-07,iris,2026-09-22 10:00,33000,approved
w31,C-07,delta,2026-09-23 10:00,110000,approved
w32,C-07,delta,2026-09-24 10:00,105000,approved
w33,C-07,helix,2026-09-25 10:00,125000,approved
w34,C-08,gale,2026-09-26 14:00,28000,approved
w35,C-08,gale,2026-09-26 14:30,27000,approved
w36,C-09,juniper,2026-09-22 09:00,20000,approved
w37,C-09,juniper,2026-09-22 09:01,61000,approved
w38,C-09,helix,2026-09-23 09:00,140000,approved
w39,C-09,helix,2026-09-24 09:00,130000,approved
w40,C-11,cirrus,2026-09-24 09:00,30000,approved
