at,task,actor,action
2026-07-06 09:10,T1,rae,claim
2026-07-06 09:40,T2,sam,claim
2026-07-06 10:05,T1,rae,pass
2026-07-06 10:20,t1,rae,claim
2026-07-06 10:25,T1, sam,claim
2026-07-06 10:30,T3,cho,claim
2026-07-06 10:35,T3,Dana,claim
2026-07-06 11:00,T2,sam,PASS
2026-07-06 11:10,T1,sam,pass
2026-07-06 11:20,T3,Dana,request_changes
2026-07-06 11:30,T4,lee,pass
2026-07-06 11:45,T4,lee,claim
07/06/2026 12:00,T2,rae,claim
2026-07-06 12:30,T2,rae,request_changes
2026-07-06 13:00,T3,cho,resubmit
2026-07-06 13:10,T4,lee,pass
2026-07-06 13:20,T5,rae,claim
2026-07-06 14:00,T2,ben,resubmit
2026-07-06 14:30,T5,rae,reject
2026-07-06 15:00,T4,sam,claim
2026-07-06 15:30,t6,dana,claim
2026-07-06 16:15,T4,sam,pass
2026-07-06 16:30,T6,lee,pass
2026-07-06 17:00,T6,dana,pass
2026-07-07 08:15,T3,Dana,claim
2026-07-07 08:20,T6,lee ,claim
2026-07-07 08:45,T9,sam,claim
2026-07-07T09:00,T6,lee,pass
2026-07-07 09:30,T3,Dana,pass
2026-07-07 10:00,T3,rae,claim
2026-07-07 10:30,T3,rae,pass
2026-07-07 11:00,T9,sam,reject
2026-07-07 11:15,T7,rae,claim
2026-07-07 11:30,T7,rae,pass
2026-07-07 12:00,T99,ben,claim
2026-07-07 12:10,T8,eli,claim
2026-07-07 12:20,T8,lee,claim
2026-07-07 12:40,T8,lee,reject
2026-07-07 13:00,T1,ann,approve
2026-07-07 13:05,T2,dana,resubmit
