seq,ts,ticket_id,actor,action,value
205,05/04/2026 14:50,T10,bo,resolve,
193,2026-05-04T13:20:00, t04,ana,triage,
124,05/04/2026 09:45,T03,ana,reply,
181,2026-05-04 12:30,T08,Mira ,reply,
151,05/04/2026 11:00, t11,ana ,reply,
190,2026-05-04 13:10,T04,temp1,triage,
163,2026-05-04 11:30,T06,ana,reply,
208,2026-05-04 15:40,T13,lee,reply,
118,2026-05-04 09:30,T02,mira,tag,login
187,05/04/2026 13:00,T09,noor,resolve,
130,2026-05-04T10:05:00, t02,bo,Reply,
127,2026-05-04 10:00,T12,bo,reply,
145,2026-05-04 10:50,T05,acme,customer_reply,
199,2026-05-04 14:20,T10,bo,reply,
169,05/04/2026 12:00,T01,closer-bot,close,
211,2026-05-04T16:10:00,T14,bo ,triage,
166,2026-05-04T11:35:00,T06,ana ,Tag, Outage
133,05/04/2026 10:10,T03,globex,customer_reply,
136,2026-05-04 10:20,T05,bo ,reply,
196,05/04/2026 13:30,T09,mira ,approve,
157,2026-05-04T11:20:00,T09,Noor,start,
115,05/04/2026 09:25,T02,bo,start,
184,2026-05-04T12:30:00,T01,ana,Tag,refund
178,05/04/2026 12:05,T08,initech,reply,
121,2026-05-04T09:40:00,T01,acme ,customer_reply,
214,05/04/2026 16:30, t14,bo,reply,
100,2026-05-04 07:30,T12,bo,triage,
142,05/04/2026 10:40,T03,lee,resolve,
106,05/04/2026 09:05,t01,Ana ,tag,Billing
112,2026-05-04T09:21:00,T02,bo,Tag, Login
160,05/04/2026 11:30,T03,closer-bot,close,
172,2026-05-04 12:00, t99,ana,reply,
175,2026-05-04T12:00:00,T06,closer-bot,close,
109,2026-05-04 09:20, t02,bo,triage,
148,2026-05-04T11:00:00,T01,mira,Approve,
139,2026-05-04T10:30:00,T01,ana,resolve,
103,2026-05-04T09:00:00,T01,ana,reply,
154,2026-05-04 11:10,T09,noor,triage,
202,2026-05-04T14:50:00,T10,globex,Customer_reply,
